<?xml version="1.0" encoding="UTF-8"?>
<schema xmlns="http://www.concrete5.org/doctrine-xml/0.5" xmlns:xsi="http://www.w3.org/2001/XMLSchema-instance" xsi:schemaLocation="http://www.concrete5.org/doctrine-xml/0.5 https://concretecms.github.io/doctrine-xml/doctrine-xml-0.5.xsd">
    <table name="btCalendar">
        <field name="bID" type="integer">
            <unsigned/>
            <key/>
        </field>
        <field name="caID" type="integer" size="10">
            <unsigned/>
            <default value="0" />
            <notnull/>
        </field>
        <field name="calendarAttributeKeyHandle" type="string" size="255" />
        <field name="filterByTopicAttributeKeyID" type="integer" size="10">
            <unsigned/>
            <default value="0" />
            <notnull/>
        </field>
        <field name="filterByTopicID" type="integer" size="10">
            <unsigned/>
            <default value="0" />
            <notnull/>
        </field>
        <field name="viewTypes" type="text" />
        <field name="viewTypesOrder" type="text" />
        <field name="defaultView" type="text" />
        <field name="navLinks" type="integer" />
        <field name="eventLimit" type="integer" />
        <field name="lightboxProperties" type="text" />
    </table>
</schema>
