<?xml version="1.0" encoding="UTF-8"?>
<schema xmlns="http://www.concrete5.org/doctrine-xml/0.5" xmlns:xsi="http://www.w3.org/2001/XMLSchema-instance" xsi:schemaLocation="http://www.concrete5.org/doctrine-xml/0.5 https://concretecms.github.io/doctrine-xml/doctrine-xml-0.5.xsd">
    <table name="btAccordion">
        <field name="bID" type="integer">
            <unsigned/>
            <key/>
        </field>
        <field name="initialState" type="string" size="20">
          <default value="openfirst" />
          <notnull/>
        </field>
        <field name="itemHeadingFormat" type="string" size="20">
          <default value="h2" />
          <notnull/>
        </field>
        <field name="alwaysOpen" type="integer" />
        <field name="flush" type="integer" />
    </table>
    <table name="btAccordionEntries">
        <field name="id" type="integer">
            <unsigned/>
            <autoincrement/>
            <key/>
        </field>
        <field name="bID" type="integer">
            <unsigned/>
        </field>
        <field name="title" type="string" size="255" />
        <field name="sortOrder" type="integer" />
        <field name="description" type="text" />
        <index name="bID">
            <col>bID</col>
            <col>sortOrder</col>
        </index>
    </table>
</schema>
