<?xml version="1.0" encoding="UTF-8"?>
<schema xmlns="http://www.concrete5.org/doctrine-xml/0.5" xmlns:xsi="http://www.w3.org/2001/XMLSchema-instance" xsi:schemaLocation="http://www.concrete5.org/doctrine-xml/0.5 https://concretecms.github.io/doctrine-xml/doctrine-xml-0.5.xsd">
    <table name="btVideo">
        <field name="bID" type="integer">
            <unsigned/>
            <key/>
        </field>
        <field name="webmfID" type="integer">
            <unsigned/>
            <default value="0" />
        </field>
        <field name="oggfID" type="integer">
            <unsigned/>
            <default value="0" />
        </field>
        <field name="posterfID" type="integer">
            <unsigned/>
            <default value="0" />
        </field>
        <field name="mp4fID" type="integer">
            <unsigned/>
            <default value="0" />
        </field>
        <field name="videoSize" type="integer">
            <unsigned/>
            <default value="0" />
        </field>
        <field name="width" type="integer">
            <unsigned/>
        </field>
        <field name="title" type="string" size="255" />
    </table>
</schema>
