<?xml version="1.0" encoding="UTF-8"?>
<schema
  xmlns="http://www.concrete5.org/doctrine-xml/0.5"
  xmlns:xsi="http://www.w3.org/2001/XMLSchema-instance"
  xsi:schemaLocation="http://www.concrete5.org/doctrine-xml/0.5 https://concretecms.github.io/doctrine-xml/doctrine-xml-0.5.xsd"
>

  <table name="btExpressEntryList">
    <field name="bID" type="integer">
      <unsigned/>
      <key/>
    </field>
    <field name="exEntityID" type="string" size="255">
      <notnull/>
    </field>
    <field name="detailPage" type="integer">
      <unsigned/>
      <default value="0"/>
      <notnull/>
    </field>
    <field name="linkedProperties" type="string" size="255"/>
    <field name="searchProperties" type="string" size="255"/>
    <field name="searchAssociations" type="text" />
    <field name="columns" type="text"/>
    <field name="filterFields" type="text"/>
    <field name="displayLimit" type="integer">
      <default value="20"/>
    </field>
    <field name="enableItemsPerPageSelection" type="integer">
      <default value="0"/>
    </field>
    <field name="enablePagination" type="integer">
      <default value="0"/>
    </field>
    <field name="enableSearch" type="integer">
      <default value="0"/>
    </field>
    <field name="enableKeywordSearch" type="integer">
      <default value="0"/>
    </field>
    <field name="headerBackgroundColor" type="string" size="32">
      <default value=""/>
    </field>
    <field name="headerBackgroundColorActiveSort" type="string" size="32">
      <default value=""/>
    </field>
    <field name="headerTextColor" type="string" size="32">
      <default value=""/>
    </field>
    <field name="tableName" type="string" size="255">
      <default value=""/>
    </field>
    <field name="tableDescription" type="string" size="255">
      <default value=""/>
    </field>
    <field name="tableStriped" type="boolean">
      <default value="0"/>
    </field>
    <field name="rowBackgroundColorAlternate" type="string" size="32">
      <default value=""/>
    </field>
    <field name="titleFormat" type="string" size="20">
      <default value="h2" />
	  <notnull/>
    </field>
  </table>

</schema>
