<?xml version="1.0" encoding="UTF-8"?>
<schema
    xmlns="http://www.concrete5.org/doctrine-xml/0.5"
    xmlns:xsi="http://www.w3.org/2001/XMLSchema-instance" xsi:schemaLocation="http://www.concrete5.org/doctrine-xml/0.5 https://concretecms.github.io/doctrine-xml/doctrine-xml-0.5.xsd">

    <table name="btGallery">
        <field name="bID" type="integer">
            <unsigned/>
            <key/>
        </field>
        <field name="includeDownloadLink" type="boolean">
            <default value="0" />
            <notnull/>
        </field>
    </table>
    <table name="btGalleryEntries">
        <field name="eID" type="integer">
            <unsigned/>
            <autoincrement/>
            <key/>
        </field>
        <field name="bID" type="integer">
            <unsigned/>
        </field>
        <field name="idx" type="integer">
            <unsigned/>
        </field>
        <field name="fID" type="integer">
            <unsigned/>
        </field>
    </table>
    <table name="btGalleryEntryDisplayChoices">
        <field name="dcID" type="integer">
            <unsigned/>
            <autoincrement/>
            <key/>
        </field>
        <field name="entryID" type="integer">
            <unsigned/>
        </field>
        <field name="bID" type="integer">
            <unsigned/>
        </field>
        <field name="value" type="text" />
        <field name="dcKey" type="text" />
    </table>

</schema>
