<?xml version="1.0" encoding="UTF-8"?>
<schema
  xmlns="http://www.concrete5.org/doctrine-xml/0.5"
  xmlns:xsi="http://www.w3.org/2001/XMLSchema-instance" xsi:schemaLocation="http://www.concrete5.org/doctrine-xml/0.5 https://concretecms.github.io/doctrine-xml/doctrine-xml-0.5.xsd">

  <table name="btShareThisPage">
    <field name="btShareThisPageID" type="integer">
      <unsigned/>
      <autoincrement/>
      <key/>
    </field>
    <field name="bID" type="integer">
      <unsigned/>
      <default value="0"/>
    </field>
    <field name="service" type="string" size="255"/>
    <field name="displayOrder" type="integer">
      <unsigned/>
      <default value="0"/>
    </field>
  </table>

</schema>
