<?xml version="1.0" encoding="UTF-8"?>
<schema
  xmlns="http://www.concrete5.org/doctrine-xml/0.5"
  xmlns:xsi="http://www.w3.org/2001/XMLSchema-instance" xsi:schemaLocation="http://www.concrete5.org/doctrine-xml/0.5 https://concretecms.github.io/doctrine-xml/doctrine-xml-0.5.xsd">

  <table name="btCoreContainer">
    <field name="bID" type="integer">
      <unsigned/>
      <key/>
      <notnull/>
    </field>
    <field name="containerInstanceID" type="integer">
      <unsigned/>
      <notnull/>
    </field>
    <index name="containerInstanceID">
      <col>containerInstanceID</col>
    </index>
  </table>

</schema>
