<?xml version="1.0" encoding="UTF-8"?>
<schema
  xmlns="http://www.concrete5.org/doctrine-xml/0.5"
  xmlns:xsi="http://www.w3.org/2001/XMLSchema-instance" xsi:schemaLocation="http://www.concrete5.org/doctrine-xml/0.5 https://concretecms.github.io/doctrine-xml/doctrine-xml-0.5.xsd">
    <table name="btPageTitle">
        <field name="bID" type="integer">
            <unsigned/>
            <key/>
        </field>
        <field name="useCustomTitle" type="integer">
            <unsigned/>
            <default value="0"/>
        </field>
        <field name="useFilterTitle" type="integer">
            <unsigned/>
            <default value="0"/>
        </field>
        <field name="useFilterTopic" type="integer">
            <unsigned/>
            <default value="0"/>
        </field>
        <field name="useFilterTag" type="integer">
            <unsigned/>
            <default value="0"/>
        </field>
        <field name="useFilterDate" type="integer">
            <unsigned/>
            <default value="0"/>
        </field>
        <field name="topicTextFormat" type="string" size="255"/>
        <field name="tagTextFormat" type="string" size="255"/>
        <field name="dateTextFormat" type="string" size="255"/>
        <field name="filterDateFormat" type="string" size="255"/>
        <field name="titleText" type="string" size="255"/>
        <field name="formatting" type="string" size="3"/>
    </table>
</schema>
