<?xml version="1.0"?>
<concrete5-cif version="1.0">
    <summarycategories>
        <category handle="page" name="Page" package=""/>
        <category handle="calendar_event" name="Calendar Event" package=""/>
    </summarycategories>
    <summaryfields>
        <field handle="title" name="Title" package=""/>
        <field handle="date" name="Date" package=""/>
        <field handle="date_start" name="Start Date" package=""/>
        <field handle="date_end" name="End Date" package=""/>
        <field handle="link" name="Link" package=""/>
        <field handle="description" name="Description" package=""/>
        <field handle="thumbnail" name="Thumbnail" package=""/>
        <field handle="categories" name="Categories" package=""/>
        <field handle="author" name="Author" package=""/>
    </summaryfields>
    <summarytemplates>
        <template handle="default" name="Default Summary Template"
                  icon="blank.png" package="">
            <categories>
                <category handle="page"/>
                <category handle="calendar_event"/>
            </categories>
            <fields>
                <field required="1">title</field>
                <field required="1">link</field>
                <field>description</field>
                <field>date</field>
            </fields>
        </template>
    </summarytemplates>
</concrete5-cif>
