<?xml version="1.0" encoding="UTF-8"?>
<schema
  xmlns="http://www.concrete5.org/doctrine-xml/0.5"
  xmlns:xsi="http://www.w3.org/2001/XMLSchema-instance" xsi:schemaLocation="http://www.concrete5.org/doctrine-xml/0.5 https://concretecms.github.io/doctrine-xml/doctrine-xml-0.5.xsd">

  <table name="btSocialLinks">
    <field name="btSocialLinkID" type="integer">
      <unsigned/>
      <autoincrement/>
      <key/>
    </field>
    <field name="bID" type="integer">
      <unsigned/>
      <default value="0"/>
    </field>
    <field name="slID" type="integer">
      <unsigned/>
      <default value="0"/>
    </field>
    <field name="displayOrder" type="integer">
      <unsigned/>
      <default value="0"/>
    </field>
    <index name="bID">
      <col>bID</col>
      <col>displayOrder</col>
    </index>
    <index name="slID">
      <col>slID</col>
    </index>
  </table>

</schema>
