<?xml version="1.0"?>
<concrete5-cif version="1.0">
    <singlepages>
        <page name="Dashboard" path="/dashboard" filename="/dashboard/view.php" pagetype="" description="" package=""
              global="true">
            <attributes>
                <attributekey handle="icon_dashboard">
                    <value>fas fa-th-large</value>
                </attributekey>
            </attributes>
        </page>

        <page name="Sitemap" path="/dashboard/sitemap" filename="/dashboard/sitemap/view.php" pagetype=""
              description="Whole world at a glance." package="">
            <attributes>
                <attributekey handle="meta_keywords">
                    <value>pages, add page, delete page, copy, move, alias</value>
                </attributekey>
            </attributes>
        </page>
        <page name="Full Sitemap" path="/dashboard/sitemap/full" filename="/dashboard/sitemap/full.php" pagetype=""
              description="" package="">
            <attributes>
                <attributekey handle="meta_keywords">
                    <value>pages, add page, delete page, copy, move, alias</value>
                </attributekey>
            </attributes>
        </page>
        <page name="Flat View" path="/dashboard/sitemap/explore" filename="/dashboard/sitemap/explore.php" pagetype=""
              description="" package="">
            <attributes>
                <attributekey handle="meta_keywords">
                    <value>pages, add page, delete page, copy, move, alias, bulk</value>
                </attributekey>
            </attributes>
        </page>
        <page name="Page Search" path="/dashboard/sitemap/search" filename="/dashboard/sitemap/search.php" pagetype=""
              description="" package="">
            <attributes>
                <attributekey handle="meta_keywords">
                    <value>find page, search page, search, find, pages, sitemap</value>
                </attributekey>
            </attributes>
        </page>
        <page name="Files" path="/dashboard/files" filename="/dashboard/files/view.php" pagetype=""
              description="All documents and images." package=""/>
        <page name="File Manager" path="/dashboard/files/search" filename="/dashboard/files/search.php" pagetype=""
              description="" package="">
            <attributes>
                <attributekey handle="meta_keywords">
                    <value>add file, delete file, copy, move, alias, resize, crop, rename, images, title, attribute</value>
                </attributekey>
            </attributes>
        </page>
        <page name="File Details" path="/dashboard/files/details" filename="/dashboard/files/details.php" pagetype=""
              description="" package="">
            <attributes>
                <attributekey handle="exclude_nav">
                    <value><![CDATA[1]]></value>
                </attributekey>
            </attributes>
        </page>
        <page name="Attributes" path="/dashboard/files/attributes" filename="/dashboard/files/attributes.php"
              pagetype="" description="" package="">
            <attributes>
                <attributekey handle="meta_keywords">
                    <value>file, file attributes, title, attribute, description, rename</value>
                </attributekey>
            </attributes>
        </page>
        <page name="File Sets" path="/dashboard/files/sets" filename="/dashboard/files/sets.php" pagetype=""
              description="" package="">
            <attributes>
                <attributekey handle="meta_keywords">
                    <value>files, category, categories</value>
                </attributekey>
            </attributes>
        </page>
        <page name="Add File Set" path="/dashboard/files/add_set" filename="/dashboard/files/add_set.php" pagetype=""
              description="" package="">
            <attributes>
                <attributekey handle="exclude_nav">
                    <value><![CDATA[1]]></value>
                </attributekey>
                <attributekey handle="meta_keywords">
                    <value>new file set</value>
                </attributekey>
            </attributes>
        </page>
        <page name="Members" path="/dashboard/users" filename="/dashboard/users/view.php" pagetype=""
              description="Add and manage the user accounts and groups on your website." package="">
            <attributes>
                <attributekey handle="meta_keywords">
                    <value>users, groups, people, find, delete user, remove user, change password, password</value>
                </attributekey>
            </attributes>
        </page>
        <page name="Search Users" path="/dashboard/users/search" filename="/dashboard/users/search.php" pagetype=""
              description="" package="">
            <attributes>
                <attributekey handle="meta_keywords">
                    <value>find, search, people, delete user, remove user, change password, password</value>
                </attributekey>
            </attributes>
        </page>
        <page name="User Groups" path="/dashboard/users/groups" filename="/dashboard/users/groups.php" pagetype=""
              description="" package="">
            <attributes>
                <attributekey handle="meta_keywords">
                    <value>user, group, people, permissions, expire</value>
                </attributekey>
            </attributes>
        </page>
        <page name="Group Types" path="/dashboard/users/group_types" filename="/dashboard/users/group_types.php"
              pagetype=""
              description="" package="">
            <attributes>
                <attributekey handle="meta_keywords">
                    <value>group types, group type</value>
                </attributekey>
            </attributes>
        </page>
        <page name="Send Message to Group" path="/dashboard/users/groups/message"
              filename="/dashboard/users/groups/message.php" pagetype=""
              description="" package="">
            <attributes>
                <attributekey handle="meta_keywords">
                    <value>user, group, people, messages</value>
                </attributekey>
            </attributes>
        </page>
        <page name="Attributes" path="/dashboard/users/attributes" filename="/dashboard/users/attributes.php"
              pagetype="" description="" package="">
            <attributes>
                <attributekey handle="meta_keywords">
                    <value>user attributes, user data, gather data, registration data</value>
                </attributekey>
            </attributes>
        </page>
        <page name="Add User" path="/dashboard/users/add" filename="/dashboard/users/add.php" pagetype="" description=""
              package="">
            <attributes>
                <attributekey handle="meta_keywords">
                    <value>new user, create</value>
                </attributekey>
                <attributekey handle="exclude_nav">
                    <value><![CDATA[1]]></value>
                </attributekey>
            </attributes>
        </page>
        <page name="Add Group" path="/dashboard/users/add_group" filename="/dashboard/users/add_group.php" pagetype=""
              description="" package="">
            <attributes>
                <attributekey handle="meta_keywords">
                    <value>new user group, new group, group, create</value>
                </attributekey>
                <attributekey handle="exclude_nav">
                    <value><![CDATA[1]]></value>
                </attributekey>
            </attributes>
        </page>
        <page name="Move Multiple Groups" path="/dashboard/users/groups/bulkupdate"
              filename="/dashboard/users/groups/bulkupdate.php" pagetype="" description="" package="">
        </page>
        <page name="Bulk User Assignment" path="/dashboard/users/groups/bulk_user_assignment"
              filename="/dashboard/users/groups/bulk_user_assignment.php" pagetype="" description="" package="">
        </page>
        <page name="Group Sets" path="/dashboard/users/group_sets" filename="/dashboard/users/group_sets.php"
              pagetype="" description="" package="">
            <attributes>
                <attributekey handle="meta_keywords">
                    <value>group set</value>
                </attributekey>
            </attributes>
        </page>

        <page name="Express" path="/dashboard/express" filename="/dashboard/express/view.php" pagetype=""
              description="Express Data Objects" package=""/>

        <page name="View Entries" path="/dashboard/express/entries" filename="/dashboard/express/entries.php"
              pagetype=""
              description="" package="">

        </page>

        <page name="Boards" path="/dashboard/boards" filename="/dashboard/boards/view.php" pagetype=""
              description="Express Data Objects" package=""/>

        <page name="View Boards" path="/dashboard/boards/boards" filename="/dashboard/boards/boards.php" pagetype=""
              description="" package="">

        </page>

        <page name="Add Board" path="/dashboard/boards/add" filename="/dashboard/boards/add.php" pagetype=""
              description="" package="">

        </page>

        <page name="Board Details" path="/dashboard/boards/details" filename="/dashboard/boards/view_board.php"
              pagetype=""
              description="" package="">
            <attributes>
                <attributekey handle="exclude_nav">
                    <value><![CDATA[1]]></value>
                </attributekey>
                <attributekey handle="exclude_search_index">
                    <value><![CDATA[1]]></value>
                </attributekey>
            </attributes>

        </page>

        <page name="Edit Board" path="/dashboard/boards/edit" filename="/dashboard/boards/edit.php" pagetype=""
              description="" package="">
            <attributes>
                <attributekey handle="exclude_nav">
                    <value><![CDATA[1]]></value>
                </attributekey>
                <attributekey handle="exclude_search_index">
                    <value><![CDATA[1]]></value>
                </attributekey>
            </attributes>
        </page>

        <page name="Data Sources" path="/dashboard/boards/data_sources" filename="/dashboard/boards/data_sources.php"
              pagetype=""
              description="" package="">
            <attributes>
                <attributekey handle="exclude_nav">
                    <value><![CDATA[1]]></value>
                </attributekey>
                <attributekey handle="exclude_search_index">
                    <value><![CDATA[1]]></value>
                </attributekey>
            </attributes>
        </page>

        <page name="Board Appearance" path="/dashboard/boards/appearance" filename="/dashboard/boards/appearance.php"
              pagetype=""
              description="" package="">
            <attributes>
                <attributekey handle="exclude_nav">
                    <value><![CDATA[1]]></value>
                </attributekey>
                <attributekey handle="exclude_search_index">
                    <value><![CDATA[1]]></value>
                </attributekey>
            </attributes>
        </page>

        <page name="Weighting" path="/dashboard/boards/weighting" filename="/dashboard/boards/weighting.php" pagetype=""
              description="" package="">
            <attributes>
                <attributekey handle="exclude_nav">
                    <value><![CDATA[1]]></value>
                </attributekey>
                <attributekey handle="exclude_search_index">
                    <value><![CDATA[1]]></value>
                </attributekey>
            </attributes>
        </page>

        <page name="Board Permissions" path="/dashboard/boards/permissions" filename="/dashboard/boards/permissions.php"
              pagetype=""
              description="" package="">
            <attributes>
                <attributekey handle="exclude_nav">
                    <value><![CDATA[1]]></value>
                </attributekey>
                <attributekey handle="exclude_search_index">
                    <value><![CDATA[1]]></value>
                </attributekey>
            </attributes>
        </page>

        <page name="Instances" path="/dashboard/boards/instances" filename="/dashboard/boards/instances.php" pagetype=""
              description="View instances of your board." package="">
            <attributes>
                <attributekey handle="exclude_nav">
                    <value><![CDATA[1]]></value>
                </attributekey>
                <attributekey handle="exclude_search_index">
                    <value><![CDATA[1]]></value>
                </attributekey>
            </attributes>
        </page>

        <page name="Instance Details" path="/dashboard/boards/instances/details"
              filename="/dashboard/boards/instances/details.php" pagetype=""
              description="View details of your board instance." package="">
            <attributes>
                <attributekey handle="exclude_nav">
                    <value><![CDATA[1]]></value>
                </attributekey>
                <attributekey handle="exclude_search_index">
                    <value><![CDATA[1]]></value>
                </attributekey>
            </attributes>
        </page>

        <page name="Rules" path="/dashboard/boards/instances/rules" filename="/dashboard/boards/instances/rules.php"
              pagetype=""
              description="View override rules for your instance." package="">
            <attributes>
                <attributekey handle="exclude_nav">
                    <value><![CDATA[1]]></value>
                </attributekey>
                <attributekey handle="exclude_search_index">
                    <value><![CDATA[1]]></value>
                </attributekey>
            </attributes>
        </page>

        <page name="Designer" path="/dashboard/boards/designer" filename="/dashboard/boards/designer.php" pagetype=""
              description="" package="">
        </page>

        <page name="Choose Items" path="/dashboard/boards/designer/choose_items"
              filename="/dashboard/boards/designer/choose_items.php" pagetype=""
              description="" package="">
            <attributes>
                <attributekey handle="exclude_nav">
                    <value><![CDATA[1]]></value>
                </attributekey>
                <attributekey handle="exclude_search_index">
                    <value><![CDATA[1]]></value>
                </attributekey>
            </attributes>
        </page>

        <page name="Customize Slot" path="/dashboard/boards/designer/customize_slot"
              filename="/dashboard/boards/designer/customize_slot.php" pagetype=""
              description="" package="">
            <attributes>
                <attributekey handle="exclude_nav">
                    <value><![CDATA[1]]></value>
                </attributekey>
                <attributekey handle="exclude_search_index">
                    <value><![CDATA[1]]></value>
                </attributekey>
            </attributes>
        </page>

        <page name="Scheduler" path="/dashboard/boards/scheduler" filename="/dashboard/boards/scheduler.php" pagetype=""
              description="" package="">
        </page>


        <page name="Reports" path="/dashboard/reports" filename="/dashboard/reports.php" pagetype=""
              description="Get data from forms and logs." package="">
            <attributes>
                <attributekey handle="meta_keywords">
                    <value>forms, log, error, email, mysql, exception, survey</value>
                </attributekey>
            </attributes>
        </page>
        <page name="Form Results" path="/dashboard/reports/forms" filename="/dashboard/reports/forms.php" pagetype=""
              description="Get submission data." package="">
            <attributes>
                <attributekey handle="meta_keywords">
                    <value>forms, questions, response, data</value>
                </attributekey>
            </attributes>
        </page>
        <page name="Form Results" path="/dashboard/reports/forms/legacy" filename="/dashboard/reports/legacy.php"
              pagetype=""
              description="Get submission data." package="">
            <attributes>
                <attributekey handle="exclude_nav">
                    <value><![CDATA[1]]></value>
                </attributekey>
                <attributekey handle="exclude_search_index">
                    <value><![CDATA[1]]></value>
                </attributekey>
            </attributes>
        </page>
        <page name="Site Health" path="/dashboard/reports/health" filename="/dashboard/reports/health.php" pagetype=""
              description="" package="">
            <attributes>
                <attributekey handle="meta_keywords">
                    <value>health, check, site check, optimization</value>
                </attributekey>
            </attributes>
        </page>
        <page name="Report Details" path="/dashboard/reports/health/details" filename="/dashboard/reports/health/details.php" pagetype=""
              description="" package="">
            <attributes>
                <attributekey handle="meta_keywords">
                    <value>page types</value>
                </attributekey>
                <attributekey handle="exclude_nav">
                    <value><![CDATA[1]]></value>
                </attributekey>
            </attributes>
        </page>
        <page name="Surveys" path="/dashboard/reports/surveys" filename="/dashboard/reports/surveys.php" pagetype=""
              description="" package="">
            <attributes>
                <attributekey handle="meta_keywords">
                    <value>questions, quiz, response</value>
                </attributekey>
            </attributes>
        </page>
        <page name="Logs" path="/dashboard/reports/logs" filename="/dashboard/reports/logs.php" pagetype=""
              description="" package="">
            <attributes>
                <attributekey handle="meta_keywords">
                    <value>forms, log, error, email, mysql, exception, survey, history</value>
                </attributekey>
            </attributes>
        </page>
        <page name="Page Changes" path="/dashboard/reports/page_changes" filename="/dashboard/reports/page_changes.php"
              pagetype=""
              description="" package="">
            <attributes>
                <attributekey handle="meta_keywords">
                    <value>changes, csv, report</value>
                </attributekey>
            </attributes>
        </page>

        <page name="Pages &amp; Themes" path="/dashboard/pages" filename="/dashboard/pages/view.php" pagetype=""
              description="Reskin your site." package=""/>
        <page name="Themes" path="/dashboard/pages/themes" filename="/dashboard/pages/themes/view.php" pagetype=""
              description="Reskin your site." package="">
            <attributes>
                <attributekey handle="meta_keywords">
                    <value>new theme, theme, active theme, change theme, template, css</value>
                </attributekey>
            </attributes>
        </page>
        <page name="Inspect" path="/dashboard/pages/themes/inspect" filename="/dashboard/pages/themes/inspect.php"
              pagetype="" description="" package="">
            <attributes>
                <attributekey handle="meta_keywords">
                    <value>page types</value>
                </attributekey>
                <attributekey handle="exclude_nav">
                    <value><![CDATA[1]]></value>
                </attributekey>
            </attributes>
        </page>
        <page name="Page Types" path="/dashboard/pages/types" filename="/dashboard/pages/types/view.php" pagetype=""
              description="" package="">
        </page>

        <page name="Organize Page Type Order" path="/dashboard/pages/types/organize"
              filename="/dashboard/pages/types/organize.php" pagetype=""
              description="" package="">
            <attributes>
                <attributekey handle="exclude_nav">
                    <value><![CDATA[1]]></value>
                </attributekey>
            </attributes>
        </page>

        <page name="Add Page Type" path="/dashboard/pages/types/add" filename="/dashboard/pages/types/add.php"
              pagetype="" description="" package="">
            <attributes>
                <attributekey handle="exclude_nav">
                    <value><![CDATA[1]]></value>
                </attributekey>
            </attributes>

        </page>

        <page name="Compose Form" path="/dashboard/pages/types/form" filename="/dashboard/pages/types/form.php"
              pagetype="" description="" package="">
            <attributes>
                <attributekey handle="exclude_nav">
                    <value><![CDATA[1]]></value>
                </attributekey>
            </attributes>
        </page>

        <page name="Defaults and Output" path="/dashboard/pages/types/output"
              filename="/dashboard/pages/types/output.php" pagetype="" description="" package="">
            <attributes>
                <attributekey handle="exclude_nav">
                    <value><![CDATA[1]]></value>
                </attributekey>
            </attributes>
        </page>

        <page name="Page Type Attributes" path="/dashboard/pages/types/attributes"
              filename="/dashboard/pages/types/attributes.php" pagetype="" description="" package="">
            <attributes>
                <attributekey handle="exclude_nav">
                    <value><![CDATA[1]]></value>
                </attributekey>
            </attributes>
        </page>

        <page name="Page Type Permissions" path="/dashboard/pages/types/permissions"
              filename="/dashboard/pages/types/permissions.php" pagetype="" description="" package="">
            <attributes>
                <attributekey handle="exclude_nav">
                    <value><![CDATA[1]]></value>
                </attributekey>
            </attributes>
        </page>

        <page name="Page Templates" path="/dashboard/pages/templates" filename="/dashboard/pages/templates/view.php"
              pagetype="" description="Form factors for pages in your site." package=""/>
        <page name="Add Page Template" path="/dashboard/pages/templates/add"
              filename="/dashboard/pages/templates/add.php" pagetype="" description="Add page templates to your site."
              package="">
            <attributes>
                <attributekey handle="exclude_nav">
                    <value><![CDATA[1]]></value>
                </attributekey>
            </attributes>
        </page>
        <page name="Containers" path="/dashboard/pages/containers" filename="/dashboard/pages/containers/view.php"
              pagetype="" description="Container Templates for Areas." package=""/>
        <page name="Add Container" path="/dashboard/pages/containers/add"
              filename="/dashboard/pages/containers/add.php" pagetype="" description="Add page containers."
              package="">
            <attributes>
                <attributekey handle="exclude_nav">
                    <value><![CDATA[1]]></value>
                </attributekey>
            </attributes>
        </page>
        <page name="Attributes" path="/dashboard/pages/attributes" filename="/dashboard/pages/attributes.php"
              pagetype="" description="" package="">
            <attributes>
                <attributekey handle="meta_keywords">
                    <value>page attributes, custom</value>
                </attributekey>
            </attributes>
        </page>
        <page name="Single Pages" path="/dashboard/pages/single" filename="/dashboard/pages/single.php" pagetype=""
              description="" package="">
            <attributes>
                <attributekey handle="meta_keywords">
                    <value>single, page, custom, application</value>
                </attributekey>
            </attributes>
        </page>

        <page name="RSS Feeds" path="/dashboard/pages/feeds" filename="/dashboard/pages/feeds.php" pagetype=""
              description="" package="">
            <attributes>
                <attributekey handle="meta_keywords">
                    <value>atom, rss, feed, syndication</value>
                </attributekey>
            </attributes>
        </page>

        <page name="Calendar &amp; Events" path="/dashboard/calendar" filename="/dashboard/calendar/view.php"
              pagetype="" description="" package=""/>
        <page name="View Calendar" path="/dashboard/calendar/events" filename="/dashboard/calendar/events.php"
              pagetype="" description="" package=""/>
        <page name="Event List" path="/dashboard/calendar/event_list" filename="/dashboard/calendar/event_list.php"
              pagetype="" description="" package="">
            <attributes>
                <attributekey handle="exclude_nav">
                    <value><![CDATA[1]]></value>
                </attributekey>
                <attributekey handle="exclude_search_index">
                    <value><![CDATA[1]]></value>
                </attributekey>
            </attributes>
        </page>
        <page name="Add Calendar" path="/dashboard/calendar/add" filename="/dashboard/calendar/add.php" pagetype=""
              description="" package=""/>
        <page name="Calendar Permissions" path="/dashboard/calendar/permissions"
              filename="/dashboard/calendar/permissions.php" pagetype="" description="" package="">
            <attributes>
                <attributekey handle="exclude_nav">
                    <value><![CDATA[1]]></value>
                </attributekey>
                <attributekey handle="exclude_search_index">
                    <value><![CDATA[1]]></value>
                </attributekey>
            </attributes>
        </page>
        <page name="Attributes" path="/dashboard/calendar/attributes" filename="/dashboard/calendar/attributes.php"
              pagetype="" description="" package="">
        </page>
        <page name="Conversations" path="/dashboard/conversations" filename="/dashboard/conversations/view.php"
              pagetype="" description="" package=""/>
        <page name="Messages" path="/dashboard/conversations/messages" filename="/dashboard/conversations/messages.php"
              pagetype="" description="" package="">
            <attributes>
                <attributekey handle="icon_dashboard">
                    <value>icon-bullhorn</value>
                </attributekey>
            </attributes>
        </page>

        <page name="Stacks &amp; Blocks" path="/dashboard/blocks" filename="/dashboard/blocks/view.php" pagetype=""
              description="Manage sitewide content and administer block types." package=""/>
        <page name="Stacks &amp; Global Areas" path="/dashboard/blocks/stacks"
              filename="/dashboard/blocks/stacks/view.php" pagetype=""
              description="Share content across your site." package="">
            <attributes>
                <attributekey handle="meta_keywords">
                    <value>stacks, global areas, reusable content, scrapbook, copy, paste, paste block, copy block, site name, logo</value>
                </attributekey>
            </attributes>

        </page>
        <page name="Block &amp; Stack Permissions" path="/dashboard/blocks/permissions"
              filename="/dashboard/blocks/permissions.php" pagetype=""
              description="Control who can add blocks and stacks on your site." package=""/>
        <page name="Stack List" path="/dashboard/blocks/stacks/list" filename="/dashboard/blocks/stacks/list/view.php"
              pagetype="" description="" package="">
            <attributes>
                <attributekey handle="exclude_nav">
                    <value><![CDATA[1]]></value>
                </attributekey>
                <attributekey handle="exclude_search_index">
                    <value><![CDATA[1]]></value>
                </attributekey>
                <attributekey handle="meta_keywords">
                    <value>edit stacks, view stacks, all stacks</value>
                </attributekey>
            </attributes>
        </page>
        <page name="Block Types" path="/dashboard/blocks/types" filename="/dashboard/blocks/types/view.php" pagetype=""
              description="Manage the installed block types in your site." package="">
            <attributes>
                <attributekey handle="meta_keywords">
                    <value>block, refresh, custom</value>
                </attributekey>
            </attributes>
        </page>
        <page name="Extend Concrete" path="/dashboard/extend" filename="/dashboard/extend/view.php" pagetype=""
              description=""
              package="">
            <attributes>
                <attributekey handle="meta_keywords">
                    <value>add-on, addon, add on, package, app, ecommerce, discussions, forums, themes, templates, blocks</value>
                </attributekey>
            </attributes>
        </page>
        <page name="Add Functionality" path="/dashboard/extend/install" filename="/dashboard/extend/install.php"
              pagetype="" description="Install add-ons &amp; themes." package="">
            <attributes>
                <attributekey handle="meta_keywords">
                    <value>add-on, addon, ecommerce, install, discussions, forums, themes, templates, blocks</value>
                </attributekey>
            </attributes>
        </page>
        <page name="Update Add-Ons" path="/dashboard/extend/update" filename="/dashboard/extend/update.php" pagetype=""
              description="Update your installed packages." package="">
            <attributes>
                <attributekey handle="meta_keywords">
                    <value>update, upgrade</value>
                </attributekey>
            </attributes>
        </page>

        <page name="Connect to the Community" path="/dashboard/extend/connect" filename="/dashboard/extend/connect.php"
              pagetype="" description="Connect to the Concrete community." package="">
            <attributes>
                <attributekey handle="meta_keywords">
                    <value>concretecms.com, my account, marketplace</value>
                </attributekey>
            </attributes>
        </page>
        <page name="Get More Themes" path="/dashboard/extend/themes" filename="/dashboard/extend/themes.php" pagetype=""
              description="Download themes from the marketplace." package="">
            <attributes>
                <attributekey handle="meta_keywords">
                    <value>buy theme, new theme, marketplace, template</value>
                </attributekey>
            </attributes>
        </page>
        <page name="Get More Add-Ons" path="/dashboard/extend/addons" filename="/dashboard/extend/addons.php"
              pagetype="" description="Download add-ons from the marketplace." package="">
            <attributes>
                <attributekey handle="meta_keywords">
                    <value>buy addon, buy add on, buy add-on, purchase addon, purchase add on, purchase add-on, find addon, new addon, marketplace</value>
                </attributekey>
            </attributes>
        </page>

        <page name="System &amp; Settings" path="/dashboard/system" filename="/dashboard/system/view.php" pagetype=""
              description="Secure and setup your site." package="">
            <attributes>
                <attributekey handle="meta_keywords">
                    <value>dashboard, configuration</value>
                </attributekey>
            </attributes>
        </page>
        <page name="Basics" path="/dashboard/system/basics" filename="/dashboard/system/basics/view.php" pagetype=""
              description="Basic information about your website." package=""/>
        <page name="Name &amp; Attributes" path="/dashboard/system/basics/name"
              filename="/dashboard/system/basics/name.php"
              pagetype="" description="" package="">
            <attributes>
                <attributekey handle="meta_keywords">
                    <value>website name, title</value>
                </attributekey>
            </attributes>
        </page>

        <page name="Production Mode" path="/dashboard/system/basics/production_mode"
              filename="/dashboard/system/basics/production_mode.php"
              pagetype="" description="" package="">
            <attributes>
                <attributekey handle="meta_keywords">
                    <value>production, staging, site copy, development copy, local</value>
                </attributekey>
            </attributes>
        </page>

        <page name="Accessibility" path="/dashboard/system/basics/accessibility"
              filename="/dashboard/system/basics/accessibility.php" pagetype="" description="" package="">
            <attributes>
                <attributekey handle="meta_keywords">
                    <value>accessibility, easy mode</value>
                </attributekey>
            </attributes>
        </page>

        <page name="Site Information" path="/dashboard/system/basics/site_information"
              filename="/dashboard/system/basics/site_information.php"
              pagetype="" description="" package="">
            <attributes>
                <attributekey handle="exclude_search_index">
                    <value>1</value>
                </attributekey>
            </attributes>
        </page>

        <page name="Social Links" path="/dashboard/system/basics/social" filename="/dashboard/system/basics/social.php"
              pagetype="" description="" package="">
            <attributes>
                <attributekey handle="meta_keywords">
                    <value>sharing, facebook, twitter</value>
                </attributekey>
            </attributes>
        </page>
        <page name="Bookmark Icons" path="/dashboard/system/basics/icons" filename="/dashboard/system/basics/icons.php"
              pagetype="" description="Bookmark icon and mobile home screen icon setup." package="">
            <attributes>
                <attributekey handle="meta_keywords">
                    <value>logo, favicon, iphone, icon, bookmark</value>
                </attributekey>
            </attributes>
        </page>
        <page name="Rich Text Editor" path="/dashboard/system/basics/editor"
              filename="/dashboard/system/basics/editor.php" pagetype="" description="" package="">
            <attributes>
                <attributekey handle="meta_keywords">
                    <value>tinymce, content block, fonts, editor, content, overlay</value>
                </attributekey>
            </attributes>
        </page>
        <page name="Languages" path="/dashboard/system/basics/multilingual"
              filename="/dashboard/system/basics/multilingual/view.php" pagetype="" description="" package="">
            <attributes>
                <attributekey handle="meta_keywords">
                    <value>translate, translation, internationalization, multilingual</value>
                </attributekey>
            </attributes>
        </page>
        <page name="Update Languages" path="/dashboard/system/basics/multilingual/update"
              filename="/dashboard/system/basics/multilingual/update/multilingual/update.php" pagetype="" description=""
              package="">
            <attributes>
                <attributekey handle="meta_keywords">
                    <value>languages, update, gettext, translation, translate</value>
                </attributekey>
                <attributekey handle="exclude_nav">
                    <value>1</value>
                </attributekey>
            </attributes>
        </page>
        <page name="Time Zone" path="/dashboard/system/basics/timezone" filename="/dashboard/system/basics/timezone.php"
              pagetype="" description="" package="">
            <attributes>
                <attributekey handle="meta_keywords">
                    <value>timezone, profile, locale</value>
                </attributekey>
            </attributes>
        </page>

        <page name="Custom Attributes" path="/dashboard/system/basics/attributes"
              filename="/dashboard/system/basics/attributes.php"
              pagetype="" description="" package="">
            <attributes>
                <attributekey handle="meta_keywords">
                    <value>site attributes</value>
                </attributekey>
                <attributekey handle="exclude_nav">
                    <value>1</value>
                </attributekey>
                <attributekey handle="exclude_search_index">
                    <value>1</value>
                </attributekey>
            </attributes>
        </page>

        <page name="Reset Clipboard and Edit Mode" path="/dashboard/system/basics/reset_edit_mode"
              filename="/dashboard/system/basics/reset_edit_mode.php"
              pagetype="" description="" package="">
            <attributes>
                <attributekey handle="meta_keywords">
                    <value>checkin, check-in, check, force</value>
                </attributekey>
            </attributes>
        </page>


        <page name="Express" path="/dashboard/system/express" filename="/dashboard/system/express/view.php" pagetype=""
              description="Express" package=""/>

        <page name="Data Objects" path="/dashboard/system/express/entities"
              filename="/dashboard/system/express/entities.php" pagetype=""
              description="" package="">
        </page>

        <page name="Attributes" path="/dashboard/system/express/entities/attributes"
              filename="/dashboard/system/express/entities/attributes.php" pagetype="" description="" package="">
            <attributes>
                <attributekey handle="exclude_nav">
                    <value><![CDATA[1]]></value>
                </attributekey>
                <attributekey handle="exclude_search_index">
                    <value>1</value>
                </attributekey>
            </attributes>
        </page>

        <page name="Associations" path="/dashboard/system/express/entities/associations"
              filename="/dashboard/system/express/entities/associations.php" pagetype="" description="" package="">
            <attributes>
                <attributekey handle="exclude_nav">
                    <value><![CDATA[1]]></value>
                </attributekey>
                <attributekey handle="exclude_search_index">
                    <value>1</value>
                </attributekey>
            </attributes>
        </page>

        <page name="Forms" path="/dashboard/system/express/entities/forms"
              filename="/dashboard/system/express/entities/forms.php" pagetype="" description="" package="">
            <attributes>
                <attributekey handle="exclude_nav">
                    <value><![CDATA[1]]></value>
                </attributekey>
                <attributekey handle="exclude_search_index">
                    <value>1</value>
                </attributekey>
            </attributes>
        </page>

        <page name="Customize Search" path="/dashboard/system/express/entities/customize_search"
              filename="/dashboard/system/express/entities/customize_search.php" pagetype="" description="" package="">
            <attributes>
                <attributekey handle="exclude_nav">
                    <value><![CDATA[1]]></value>
                </attributekey>
                <attributekey handle="exclude_search_index">
                    <value>1</value>
                </attributekey>
            </attributes>
        </page>

        <page name="Update Entry Display Order" path="/dashboard/system/express/entities/order_entries"
              filename="/dashboard/system/express/entities/order_entries.php" pagetype="" description="" package="">
            <attributes>
                <attributekey handle="exclude_nav">
                    <value><![CDATA[1]]></value>
                </attributekey>
                <attributekey handle="exclude_search_index">
                    <value>1</value>
                </attributekey>
            </attributes>
        </page>

        <page name="Custom Entry Locations" path="/dashboard/system/express/entries"
              filename="/dashboard/system/express/entries.php" pagetype="" description="" package="">
        </page>

        <page name="Multiple Site Hosting" path="/dashboard/system/multisite"
              filename="/dashboard/system/sites/view.php" pagetype="" user="admin" description="" package=""/>
        <page name="Sites &amp; Domains" path="/dashboard/system/multisite/sites"
              filename="/dashboard/system/multisite/sites/view.php" pagetype="" user="admin" description="" package=""/>
        <page name="Site Types" path="/dashboard/system/multisite/types"
              filename="/dashboard/system/multisite/types/view.php" pagetype="" user="admin" description="" package=""/>
        <page name="Multisite Settings" path="/dashboard/system/multisite/settings"
              filename="/dashboard/system/multisite/types/view.php" pagetype="" user="admin" description="" package=""/>

        <page name="Multilingual" path="/dashboard/system/multilingual"
              filename="/dashboard/system/multilingual/view.php" pagetype=""
              description="Run your site in multiple languages." package="">
            <attributes>
                <attributekey handle="meta_keywords">
                    <value>multilingual, localization, internationalization, i18n</value>
                </attributekey>
            </attributes>
        </page>
        <page name="Multilingual Setup" path="/dashboard/system/multilingual/setup"
              filename="/dashboard/system/multilingual/setup.php" pagetype=""
              description="" package=""/>
        <page name="Copy Languages" path="/dashboard/system/multilingual/copy"
              filename="/dashboard/system/multilingual/copy.php" pagetype=""
              description="" package=""/>
        <page name="Page Report" path="/dashboard/system/multilingual/page_report"
              filename="/dashboard/system/multilingual/page_report.php" pagetype=""
              description="" package=""/>
        <page name="Translate Site Interface" path="/dashboard/system/multilingual/translate_interface"
              filename="/dashboard/system/multilingual/translate_interface.php" pagetype=""
              description="" package=""/>

        <!--
        <page name="Interface Preferences" path="/dashboard/system/basics/images"
              filename="/dashboard/system/basics/images.php" pagetype="" description="" package="">
            <attributes>
                <attributekey handle="meta_keywords">
                    <value>interface, quick nav, dashboard background, background image</value>
                </attributekey>
            </attributes>
        </page>
         //-->

        <page name="SEO &amp; Statistics" path="/dashboard/system/seo" filename="/dashboard/system/seo/view.php"
              pagetype="" description="Enable pretty URLs and tracking codes." package=""/>
        <page name="URLs and Redirection" path="/dashboard/system/seo/urls" filename="/dashboard/system/seo/urls.php"
              pagetype=""
              description="" package="">
            <attributes>
                <attributekey handle="meta_keywords">
                    <value>vanity, pretty url, redirection, hostname, canonical, seo, pageview, view</value>
                </attributekey>
            </attributes>
        </page>
        <page name="Bulk SEO Updater" path="/dashboard/system/seo/bulk" filename="/dashboard/system/seo/bulk.php"
              pagetype="" description="" package="">
            <attributes>
                <attributekey handle="meta_keywords">
                    <value>bulk, seo, change keywords, engine, optimization, search</value>
                </attributekey>
            </attributes>
        </page>
        <page name="Tracking Codes" path="/dashboard/system/seo/codes" filename="/dashboard/system/seo/codes.php"
              pagetype="" description="" package="">
            <attributes>
                <attributekey handle="meta_keywords">
                    <value>traffic, statistics, google analytics, quant, pageviews, hits</value>
                </attributekey>
            </attributes>
        </page>
        <page name="Excluded URL Word List" path="/dashboard/system/seo/excluded"
              filename="/dashboard/system/seo/excluded.php" pagetype="" description="" package="">
            <attributes>
                <attributekey handle="meta_keywords">
                    <value>pretty, slug</value>
                </attributekey>
            </attributes>
        </page>
        <page name="Search Index" path="/dashboard/system/seo/searchindex"
              filename="/dashboard/system/seo/searchindex.php" pagetype="" description="" package="">
            <attributes>
                <attributekey handle="meta_keywords">
                    <value>configure search, site search, search option</value>
                </attributekey>
            </attributes>
        </page>
        <page name="URL Slug" path="/dashboard/system/seo/url_slug"
              filename="/dashboard/system/seo/url_slug.php" pagetype="" description="" package="">
            <attributes>
                <attributekey handle="meta_keywords">
                    <value>url, slug</value>
                </attributekey>
            </attributes>
        </page>
        <page name="Files" path="/dashboard/system/files" filename="/dashboard/system/files/view.php" pagetype=""
              description="" package=""/>
        <page name="Allowed File Types" path="/dashboard/system/files/filetypes"
              filename="/dashboard/system/files/filetypes.php" pagetype="" description="" package="">
            <attributes>
                <attributekey handle="meta_keywords">
                    <value>security, files, media, extension, manager, upload</value>
                </attributekey>
            </attributes>
        </page>
        <page name="File Manager Permissions" path="/dashboard/system/files/permissions"
              filename="/dashboard/system/files/permissions.php" pagetype="" description="" package="">
            <attributes>
                <attributekey handle="meta_keywords">
                    <value>file options, file manager, upload, modify</value>
                </attributekey>
            </attributes>
        </page>
        <page name="Thumbnails" path="/dashboard/system/files/thumbnails"
              filename="/dashboard/system/files/thumbnails.php" pagetype="" description="" package="">
            <attributes>
                <attributekey handle="meta_keywords">
                    <value>images, picture, responsive, retina</value>
                </attributekey>
            </attributes>
        </page>
        <page name="Thumbnail Options" path="/dashboard/system/files/thumbnails/options"
              filename="/dashboard/system/files/thumbnails/options.php" pagetype="" description="" package="">
            <attributes>
                <attributekey handle="exclude_nav">
                    <value>1</value>
                </attributekey>
                <attributekey handle="meta_keywords">
                    <value>thumbnail, format, png, jpg, jpeg, quality, compression, gd, imagick, imagemagick, transparency</value>
                </attributekey>
            </attributes>
        </page>
        <page name="Image Options" path="/dashboard/system/files/image_uploading"
              filename="/dashboard/system/files/image_uploading.php" pagetype="" description="" package="">
            <attributes>
                <attributekey handle="meta_keywords">
                    <value>uploading, upload, images, image, resizing, manager, exif, rotation, rotate, quality, compression, png, jpg, jpeg</value>
                </attributekey>
            </attributes>
        </page>
        <page name="Image Editor" path="/dashboard/system/files/image_editor"
              filename="/dashboard/system/files/image_editor.php" pagetype="" description="" package="">
            <attributes>
                <attributekey handle="meta_keywords">
                    <value>image, editor, active, default, edit, png, jpg, jpeg</value>
                </attributekey>
            </attributes>
        </page>
        <page name="File Storage Locations" path="/dashboard/system/files/storage"
              filename="/dashboard/system/files/storage.php" pagetype="" description="" package="">
            <attributes>
                <attributekey handle="meta_keywords">
                    <value>security, alternate storage, hide files</value>
                </attributekey>
            </attributes>
        </page>
        <page name="External File Providers" path="/dashboard/system/files/external_file_provider"
              filename="/dashboard/system/files/external_file_provider.php" pagetype="" description="" package="">
            <attributes>
                <attributekey handle="meta_keywords">
                    <value>external, file, providers</value>
                </attributekey>
            </attributes>
        </page>
        <page name="Export Options" path="/dashboard/system/files/export_options"
              filename="/dashboard/system/files/export_options.php" pagetype="" description="" package="">
            <attributes>
                <attributekey handle="meta_keywords">
                    <value>files, export, csv, bom, encoding</value>
                </attributekey>
            </attributes>
        </page>
        <page name="Upload Settings" path="/dashboard/system/files/uploads"
              filename="/dashboard/system/files/uploads.php" pagetype="" description="" package="">
            <attributes>
                <attributekey handle="meta_keywords">
                    <value>files, upload, parallel, upload_max_filesize, post_max_size, limit, resize, chunk</value>
                </attributekey>
            </attributes>
        </page>
        <page name="Automation" path="/dashboard/system/automation"
              filename="/dashboard/system/automation/view.php" pagetype="" description="Run and automate commands."
              package=""/>
        <page name="Tasks" path="/dashboard/system/automation/tasks"
              filename="/dashboard/system/automation/tasks.php" pagetype="" description="" package="">
            <attributes>
                <attributekey handle="meta_keywords">
                    <value>automated jobs, commands, tasks, console, cli</value>
                </attributekey>
            </attributes>
        </page>
        <page name="Activity" path="/dashboard/system/automation/activity"
              filename="/dashboard/system/automation/activity.php" pagetype="" description="" package="">
            <attributes>
                <attributekey handle="meta_keywords">
                    <value>processes, queues, jobs, running</value>
                </attributekey>
            </attributes>
        </page>
        <page name="Failed Messages" path="/dashboard/system/automation/failed"
              filename="/dashboard/system/automation/failed.php" pagetype="" description="" package="">
            <attributes>
                <attributekey handle="meta_keywords">
                    <value>failed messages, retry</value>
                </attributekey>
            </attributes>
        </page>
        <page name="Schedule" path="/dashboard/system/automation/schedule"
              filename="/dashboard/system/automation/schedule.php" pagetype="" description="" package="">
            <attributes>
                <attributekey handle="meta_keywords">
                    <value>cron, scheduling, jobs</value>
                </attributekey>
            </attributes>
        </page>
        <page name="Automation Settings" path="/dashboard/system/automation/settings"
              filename="/dashboard/system/automation/settings.php" pagetype="" description="" package="">
        </page>
        <page name="Notification" path="/dashboard/system/notification"
              filename="/dashboard/system/notification/view.php" pagetype="" description="Notification settings."
              package=""/>
        <page name="Server-Sent Events" path="/dashboard/system/notification/events"
              filename="/dashboard/system/notification/events.php" pagetype="" description="" package="">
            <attributes>
                <attributekey handle="meta_keywords">
                    <value>websocket, socket, socket.io, push, push notifications, mercure</value>
                </attributekey>
            </attributes>
        </page>
        <page name="Waiting for Me" path="/dashboard/system/notification/alerts"
              filename="/dashboard/system/notification/alerts.php" pagetype="" description="" package="">
            <attributes>
                <attributekey handle="meta_keywords">
                    <value>waiting for me, inbox, notifications</value>
                </attributekey>
            </attributes>
        </page>
        <page name="Optimization" path="/dashboard/system/optimization"
              filename="/dashboard/system/optimization/view.php" pagetype="" description="Keep your site running well."
              package=""/>
        <page name="Cache &amp; Speed Settings" path="/dashboard/system/optimization/cache"
              filename="/dashboard/system/optimization/cache.php" pagetype="" description="" package="">
            <attributes>
                <attributekey handle="meta_keywords">
                    <value>cache option, change cache, override, turn on cache, turn off cache, no cache, page cache, caching</value>
                </attributekey>
            </attributes>
        </page>
        <page name="Clear Cache" path="/dashboard/system/optimization/clearcache"
              filename="/dashboard/system/optimization/clearcache.php" pagetype="" description="" package="">
            <attributes>
                <attributekey handle="meta_keywords">
                    <value>cache option, turn off cache, no cache, page cache, caching</value>
                </attributekey>
            </attributes>
        </page>
        <page name="Automated Jobs" path="/dashboard/system/optimization/jobs"
              filename="/dashboard/system/optimization/jobs.php" pagetype="" description="" package="">
            <attributes>
                <attributekey handle="meta_keywords">
                    <value>index search, reindex search, build sitemap, sitemap.xml, clear old versions, page versions, remove old</value>
                </attributekey>
            </attributes>
        </page>

        <page name="Permissions &amp; Access" path="/dashboard/system/permissions"
              filename="/dashboard/system/permissions/view.php" pagetype=""
              description="Control who sees and edits your site." package=""/>
        <page name="Site Access" path="/dashboard/system/permissions/site"
              filename="/dashboard/system/permissions/site.php" pagetype="" description="" package="">
            <attributes>
                <attributekey handle="meta_keywords">
                    <value>editors, hide site, offline, private, public, access</value>
                </attributekey>
            </attributes>
        </page>

        <page name="Task Permissions" path="/dashboard/system/permissions/tasks"
              filename="/dashboard/system/permissions/tasks.php" pagetype="" description="" package="">
            <attributes>
                <attributekey handle="meta_keywords">
                    <value>security, actions, administrator, admin, package, marketplace, search</value>
                </attributekey>
            </attributes>
        </page>
        <page name="User Permissions" path="/dashboard/system/permissions/users"
              filename="/dashboard/system/permissions/users.php" pagetype="" description="" package="">
        </page>
        <page name="Advanced Permissions" path="/dashboard/system/permissions/advanced"
              filename="/dashboard/system/permissions/advanced.php" pagetype="" description="" package="">
        </page>
        <page name="Workflows" path="/dashboard/system/permissions/workflows"
              filename="/dashboard/system/permissions/workflows.php"
              pagetype="" description="" package=""/>
        <page name="IP Deny List" path="/dashboard/system/permissions/denylist"
              filename="/dashboard/system/permissions/denylist.php" pagetype="" description="" package="">
            <attributes>
                <attributekey handle="meta_keywords">
                    <value>security, lock ip, lock out, block ip, address, restrict, access</value>
                </attributekey>
            </attributes>
        </page>
        <page name="Configure IP Blocking" path="/dashboard/system/permissions/denylist/configure"
              filename="/dashboard/system/permissions/denylist/configure.php" pagetype="" description="" package="">
            <attributes>
                <attributekey handle="exclude_nav">
                    <value>1</value>
                </attributekey>
            </attributes>
        </page>
        <page name="IP Range" path="/dashboard/system/permissions/denylist/range"
              filename="/dashboard/system/permissions/denylist/range.php" pagetype="" description="" package="">
            <attributes>
                <attributekey handle="exclude_nav">
                    <value>1</value>
                </attributekey>
            </attributes>
        </page>
        <page name="Captcha Setup" path="/dashboard/system/permissions/captcha"
              filename="/dashboard/system/permissions/captcha.php" pagetype="" description="" package="">
            <attributes>
                <attributekey handle="meta_keywords">
                    <value>security, registration</value>
                </attributekey>
            </attributes>
        </page>
        <page name="Spam Control" path="/dashboard/system/permissions/antispam"
              filename="/dashboard/system/permissions/antispam.php" pagetype="" description="" package="">
            <attributes>
                <attributekey handle="meta_keywords">
                    <value>antispam, block spam, security</value>
                </attributekey>
            </attributes>
        </page>
        <page name="Maintenance Mode" path="/dashboard/system/permissions/maintenance"
              filename="/dashboard/system/permissions/maintenance.php" pagetype="" description="" package="">
            <attributes>
                <attributekey handle="meta_keywords">
                    <value>lock site, under construction, hide, hidden</value>
                </attributekey>
            </attributes>
        </page>
        <page name="Trusted Proxies" path="/dashboard/system/permissions/trusted_proxies"
              filename="/dashboard/system/permissions/trusted_proxies.php" pagetype="" description="" package="">
            <attributes>
                <attributekey handle="meta_keywords">
                    <value>trusted, proxy, proxies, ip, header, cloudflare</value>
                </attributekey>
            </attributes>
        </page>

        <page name="Login &amp; Registration" path="/dashboard/system/registration"
              filename="/dashboard/system/registration/view.php" pagetype=""
              description="Change login behaviors and setup public profiles." package=""/>
        <page name="Account Options" path="/dashboard/system/registration/open"
              filename="/dashboard/system/registration/open.php" pagetype="" description="" package="">
            <attributes>
                <attributekey handle="meta_keywords">
                    <value>signup, new user, community, public registration, public, registration</value>
                </attributekey>
            </attributes>
        </page>
        <page name="Login Destination" path="/dashboard/system/registration/postlogin"
              filename="/dashboard/system/registration/postlogin.php" pagetype="" description="" package="">
            <attributes>
                <attributekey handle="meta_keywords">
                    <value>profile, login, redirect, specific, dashboard, administrators</value>
                </attributekey>
            </attributes>
        </page>
        <page name="Public Profiles" path="/dashboard/system/registration/profiles"
              filename="/dashboard/system/registration/profiles.php" pagetype="" description="" package="">
            <attributes>
                <attributekey handle="meta_keywords">
                    <value>member profile, member page, community, forums, social, avatar</value>
                </attributekey>
            </attributes>
        </page>
        <page name="Authentication Types" path="/dashboard/system/registration/authentication"
              filename="/dashboard/system/registration/authentication.php" pagetype="" description="" package="">
            <attributes>
                <attributekey handle="meta_keywords">
                    <value>auth, authentication, types, oauth, facebook, login, registration</value>
                </attributekey>
            </attributes>
        </page>
        <page name="Global Password Reset" path="/dashboard/system/registration/global_password_reset"
              filename="/dashboard/system/registration/global_password_reset.php" pagetype=""
              description="Signs out all users, resets all passwords and forces users to choose a new one" package="">
            <attributes>
                <attributekey handle="meta_keywords">
                    <value>global, password, reset, change password, force, sign out</value>
                </attributekey>
            </attributes>
        </page>

        <page name="User Deactivation Settings" path="/dashboard/system/registration/deactivation"
              filename="/dashboard/system/registration/deactivation.php" pagetype="" description="" package="">
        </page>
        <page name="Automated Logout" path="/dashboard/system/registration/automated_logout"
              filename="/dashboard/system/registration/automated_logout.php" pagetype=""
              description="Automate when users are logged out, or do it manually" package="">
            <attributes>
                <attributekey handle="meta_keywords">
                    <value>login, logout, user, agent, ip, change, security, session, invalidation, invalid</value>
                </attributekey>
            </attributes>
        </page>
        <page name="Password Requirements" path="/dashboard/system/registration/password_requirements"
              filename="/dashboard/system/registration/password_requirements.php" pagetype=""
              description="Set password rule and regulations." package="">
            <attributes>
                <attributekey handle="meta_keywords">
                    <value>password, requirements, code, key, login, registration, security, nist</value>
                </attributekey>
            </attributes>
        </page>
        <page name="Session Options" path="/dashboard/system/registration/session_options"
              filename="/dashboard/system/registration/session_options.php" pagetype="" description="" package="">
            <attributes>
                <attributekey handle="meta_keywords">
                    <value>session, options</value>
                </attributekey>
            </attributes>
        </page>

        <page name="Email" path="/dashboard/system/mail" filename="/dashboard/system/mail/view.php" pagetype=""
              description="Control how your site send and processes mail." package="">
            <attributes>
                <attributekey handle="meta_keywords">
                    <value>smtp, mail settings</value>
                </attributekey>
            </attributes>
        </page>
        <page name="SMTP Method" path="/dashboard/system/mail/method" filename="/dashboard/system/mail/method.php"
              pagetype="" description="" package="">
            <attributes>
                <attributekey handle="meta_keywords">
                    <value>email server, mail settings, mail configuration, external, internal</value>
                </attributekey>
            </attributes>
        </page>
        <page name="Test Mail Settings" path="/dashboard/system/mail/method/test"
              filename="/dashboard/system/mail/method/test.php" pagetype="" description="" package="">
            <attributes>
                <attributekey handle="meta_keywords">
                    <value>test smtp, test mail</value>
                </attributekey>
            </attributes>
        </page>
        <page name="Email Importers" path="/dashboard/system/mail/importers"
              filename="/dashboard/system/mail/importers.php" pagetype="" description="" package="">
            <attributes>
                <attributekey handle="meta_keywords">
                    <value>email server, mail settings, mail configuration, private message, message system, import, email, message</value>
                </attributekey>
            </attributes>
        </page>
        <page name="System Email Addresses" path="/dashboard/system/mail/addresses"
              filename="/dashboard/system/mail/addresses.php" pagetype="" description="" package="">
            <attributes>
                <attributekey handle="meta_keywords">
                    <value>mail settings, mail configuration, email, sender</value>
                </attributekey>
            </attributes>
        </page>
        <page name="Email Logging" path="/dashboard/system/mail/logging" filename="/dashboard/system/mail/logging.php"
              pagetype=""
              description="Control how emails get logged." package="">
            <attributes>
                <attributekey handle="meta_keywords">
                    <value>email logging, mail logging, log mails, log emails</value>
                </attributekey>
            </attributes>
        </page>

        <page name="Calendar" path="/dashboard/system/calendar"
              filename="/dashboard/system/calendar/view.php" pagetype=""
              description="Manage your calendar settings" package=""/>
        <page name="General Settings" path="/dashboard/system/calendar/settings"
              filename="/dashboard/system/calendar/settings.php" pagetype=""
              description="" package=""/>
        <page name="Color Settings" path="/dashboard/system/calendar/colors"
              filename="/dashboard/system/calendar/colors.php" pagetype=""
              description="" package=""/>
        <page name="Calendar Permissions" path="/dashboard/system/calendar/permissions"
              filename="/dashboard/system/calendar/permissions.php" pagetype=""
              description="" package=""/>
        <page name="Import Calendar Data" path="/dashboard/system/calendar/import"
              filename="/dashboard/system/calendar/import.php" pagetype=""
              description="" package=""/>

        <page name="Boards" path="/dashboard/system/boards"
              filename="/dashboard/system/boards/view.php" pagetype=""
              description="Manage global board settings" package=""/>
        <page name="Board Settings" path="/dashboard/system/boards/settings"
              filename="/dashboard/system/boards/settings.php" pagetype=""
              description="" package=""/>
        <page name="Permissions" path="/dashboard/system/boards/permissions"
              filename="/dashboard/system/boards/permissions.php" pagetype=""
              description="" package=""/>

        <page name="Conversations" path="/dashboard/system/conversations"
              filename="/dashboard/system/conversations/view.php" pagetype=""
              description="Manage your conversations settings" package="">
            <attributes>
                <attributekey handle="meta_keywords">
                    <value>conversations</value>
                </attributekey>
            </attributes>
        </page>
        <page name="Settings" path="/dashboard/system/conversations/settings"
              filename="/dashboard/system/conversations/settings/view.php" pagetype=""
              description="" package="">
            <attributes>
                <attributekey handle="meta_keywords">
                    <value>conversations</value>
                </attributekey>
            </attributes>
        </page>
        <page name="Community Points" path="/dashboard/system/conversations/points"
              filename="/dashboard/system/conversations/points.php" pagetype="" description="" package="">
            <attributes>
                <attributekey handle="meta_keywords">
                    <value>conversations ratings, ratings, community, community points</value>
                </attributekey>
            </attributes>
        </page>
        <page name="Banned Words" path="/dashboard/system/conversations/bannedwords"
              filename="/dashboard/system/conversations/bannedwords.php" pagetype="" description="" package="">
            <attributes>
                <attributekey handle="meta_keywords">
                    <value>conversations bad words, banned words, banned, bad words, bad, words, list</value>
                </attributekey>
            </attributes>
        </page>
        <page name="Conversation Permissions" path="/dashboard/system/conversations/permissions"
              filename="/dashboard/system/conversations/permissions.php" pagetype="" description="" package="">
        </page>
        <page name="Attributes" path="/dashboard/system/attributes" filename="/dashboard/system/attributes/view.php"
              pagetype="" description="Setup attributes for pages, users, files and more." package="">
            <attributes>
                <attributekey handle="meta_keywords">
                    <value>attribute configuration</value>
                </attributekey>
            </attributes>
        </page>
        <page name="Types" path="/dashboard/system/attributes/types" filename="/dashboard/system/attributes/types.php"
              pagetype="" description="Choose which attribute types are available for different items." package="">
            <attributes>
                <attributekey handle="meta_keywords">
                    <value>attributes, types</value>
                </attributekey>
            </attributes>
        </page>
        <page name="Sets" path="/dashboard/system/attributes/sets" filename="/dashboard/system/attributes/sets.php"
              pagetype="" description="Group attributes into sets for easier organization" package="">
            <attributes>
                <attributekey handle="meta_keywords">
                    <value>attributes, sets</value>
                </attributekey>
            </attributes>
        </page>
        <page name="Topics" path="/dashboard/system/attributes/topics"
              filename="/dashboard/system/attributes/topics.php" pagetype="" description="" package="">
            <attributes>
                <attributekey handle="meta_keywords">
                    <value>topics, tags, taxonomy</value>
                </attributekey>
            </attributes>
        </page>
        <page name="Add Topic Tree" path="/dashboard/system/attributes/topics/add"
              filename="/dashboard/system/attributes/topics/add.php" pagetype="" description="" package="">
        </page>
        <page name="Environment" path="/dashboard/system/environment" filename="/dashboard/system/environment/view.php"
              pagetype="" description="Advanced settings for web developers." package="">
            <attributes>
                <attributekey handle="exclude_search_index">
                    <value><![CDATA[1]]></value>
                </attributekey>
            </attributes>
        </page>
        <page name="Environment Information" path="/dashboard/system/environment/info"
              filename="/dashboard/system/environment/info.php" pagetype="" description="" package="">
            <attributes>
                <attributekey handle="meta_keywords">
                    <value>overrides, system info, debug, support, help</value>
                </attributekey>
            </attributes>
        </page>
        <page name="Debug Settings" path="/dashboard/system/environment/debug"
              filename="/dashboard/system/environment/debug.php" pagetype="" description="" package="">
            <attributes>
                <attributekey handle="meta_keywords">
                    <value>errors, exceptions, develop, support, help</value>
                </attributekey>
            </attributes>
        </page>
        <page name="Logging Settings" path="/dashboard/system/environment/logging"
              filename="/dashboard/system/environment/logging.php" pagetype="" description="" package="">
            <attributes>
                <attributekey handle="meta_keywords">
                    <value>email, logging, logs, smtp, pop, errors, mysql, log</value>
                </attributekey>
            </attributes>
        </page>
        <page name="Proxy Server" path="/dashboard/system/environment/proxy"
              filename="/dashboard/system/environment/proxy.php" pagetype=""
              description="" package="">
            <attributes>
                <attributekey handle="meta_keywords">
                    <value>network, proxy server</value>
                </attributekey>
            </attributes>
        </page>
        <page name="Database Entities" path="/dashboard/system/environment/entities"
              filename="/dashboard/system/environment/entities.php" pagetype=""
              description="" package="">
            <attributes>
                <attributekey handle="meta_keywords">
                    <value>database, entities, doctrine, orm</value>
                </attributekey>
            </attributes>
        </page>
        <page name="Database Character Set" path="/dashboard/system/environment/database_charset"
              filename="/dashboard/system/environment/database_charset.php" pagetype="" description="" package="">
            <attributes>
                <attributekey handle="meta_keywords">
                    <value>database, character set, charset, collation, utf8</value>
                </attributekey>
            </attributes>
        </page>
        <page name="Geolocation" path="/dashboard/system/environment/geolocation"
              filename="/dashboard/system/environment/geolocation.php" pagetype="" description="" package="">
            <attributes>
                <attributekey handle="meta_keywords">
                    <value>geolocation, ip, address, country, nation, place, locate</value>
                </attributekey>
            </attributes>
        </page>
        <page name="Security Policy" path="/dashboard/system/environment/security"
              filename="/dashboard/system/environment/security.php" pagetype="" description="" package="">
            <attributes>
                <attributekey handle="meta_keywords">
                    <value>security, content security policy, csp, strict transport security, hsts, x-frame-options</value>
                </attributekey>
            </attributes>
        </page>
        <page name="Update Concrete" path="/dashboard/system/update" filename="/dashboard/system/update/view.php"
              pagetype="" description="" package="">
        </page>
        <page name="Apply Update" path="/dashboard/system/update/update"
              filename="/dashboard/system/update/update.php" pagetype="" description="" package="">
            <attributes>
                <attributekey handle="meta_keywords">
                    <value>upgrade, new version, update</value>
                </attributekey>
            </attributes>
        </page>

        <page name="API" path="/dashboard/system/api" filename="/dashboard/system/api/view.php"
              pagetype="" description="" package="">
        </page>

        <page name="API Integrations" path="/dashboard/system/api/integrations"
              filename="/dashboard/system/api/integrations.php" pagetype=""
              description="" package="">
        </page>

        <page name="Scopes" path="/dashboard/system/api/scopes"
              filename="/dashboard/system/api/scopes.php" pagetype=""
              description="" package="">
        </page>

        <page name="API Settings" path="/dashboard/system/api/settings"
              filename="/dashboard/system/api/settings.php" pagetype="" description="" package="">
            <attributes>
                <attributekey handle="meta_keywords">
                    <value>API, programming, public, app</value>
                </attributekey>
            </attributes>
        </page>

        <page name="Welcome" path="/dashboard/welcome" filename="/dashboard/welcome.php" description="" package="">
            <attributes>
                <attributekey handle="desktop_priority">
                    <value>2</value>
                </attributekey>
                <attributekey handle="is_desktop">
                    <value>1</value>
                </attributekey>
                <attributekey handle="exclude_nav">
                    <value>0</value>
                </attributekey>
            </attributes>
            <area name="Main">
                <blocks>
                    <block type="desktop_app_status" name=""/>
                    <block type="core_area_layout" name="">
                        <arealayout type="theme-grid" columns="12">
                            <columns>
                                <column span="4" offset="0">
                                    <block type="desktop_latest_form" name=""/>
                                </column>
                                <column span="4" offset="0">
                                    <block type="desktop_site_activity" name="">
                                        <data>
                                            <type>form_submissions</type>
                                            <type>survey_results</type>
                                            <type>signups</type>
                                            <type>conversation_messages</type>
                                            <type>workflow</type>
                                        </data>
                                    </block>
                                </column>
                                <column span="4" offset="0">
                                    <block type="desktop_latest_health_result" name=""/>
                                </column>
                            </columns>
                        </arealayout>
                    </block>
                    <block type="core_area_layout" name="">
                        <arealayout type="theme-grid" columns="12">
                            <columns>

                                <column span="4" offset="0">
                                    <block type="rss_displayer" name="" cache-output="1" cache-output-on-post="1" cache-output-for-registered-users="1" cache-output-lifetime="7200">
                                        <data table="btRssDisplay">
                                            <record>
                                                <title>Tutorials</title>
                                                <url>https://documentation.concretecms.org/rss/tutorials</url>
                                                <dateFormat>longDate</dateFormat>
                                                <itemsToDisplay>1</itemsToDisplay>
                                                <showSummary>1</showSummary>
                                                <launchInNewWindow>1</launchInNewWindow>
                                            </record>
                                        </data>
                                    </block>
                                </column>
                                <column span="8" offset="0">
                                    <block type="rss_displayer" name="" cache-output="1" cache-output-on-post="1" cache-output-for-registered-users="1" cache-output-lifetime="7200">
                                        <style>
                                            <customClass>concrete-blog-stories</customClass>
                                        </style>
                                        <data table="btRssDisplay">
                                            <record>
                                                <title>News from concretecms.com</title>
                                                <url>https://www.concretecms.com/rss/blog</url>
                                                <dateFormat>longDate</dateFormat>
                                                <itemsToDisplay>3</itemsToDisplay>
                                                <showSummary>1</showSummary>
                                                <launchInNewWindow>1</launchInNewWindow>
                                            </record>
                                        </data>
                                    </block>
                                </column>
                            </columns>
                        </arealayout>
                    </block>
                    <block type="core_area_layout" name="">
                        <arealayout type="theme-grid" columns="12">
                            <columns>
                                <column span="4" offset="0">
                                    <block type="desktop_concrete_latest" name="" cache-output="1" cache-output-on-post="1" cache-output-for-registered-users="1" cache-output-lifetime="7200">
                                        <data table="btDesktopConcreteLatest">
                                            <record>
                                                <slot>A</slot>
                                            </record>
                                        </data>
                                    </block>
                                </column>
                                <column span="4" offset="0">
                                    <block type="desktop_concrete_latest" name="" cache-output="1" cache-output-on-post="1" cache-output-for-registered-users="1" cache-output-lifetime="7200">
                                        <data table="btDesktopConcreteLatest">
                                            <record>
                                                <slot>B</slot>
                                            </record>
                                        </data>
                                    </block>
                                </column>
                                <column span="4" offset="0">
                                    <block type="desktop_concrete_latest" name="" cache-output="1" cache-output-on-post="1" cache-output-for-registered-users="1" cache-output-lifetime="7200">
                                        <data table="btDesktopConcreteLatest">
                                            <record>
                                                <slot>C</slot>
                                            </record>
                                        </data>
                                    </block>
                                </column>
                            </columns>
                        </arealayout>
                    </block>
                </blocks>
            </area>

        </page>
        <page name="Site Health" path="/dashboard/welcome/health" filename="/dashboard/welcome/health.php" pagetype="" template=""
              description="" package="">
        </page>
    </singlepages>
    <pagetypes>
        <pagetype handle="core_stack" name="Stack" internal="1" package=""/>
        <pagetype handle="core_stack_category" name="Stack Category" internal="1" package=""/>
        <pagetype handle="core_desktop" name="Desktop" internal="1" package=""/>
        <pagetype handle="core_theme_documentation_category" name="Theme Documentation Category" internal="1"
                  package=""/>
        <pagetype handle="core_theme_documentation" name="Theme Documentation" internal="1" package=""/>
    </pagetypes>

    <pagetemplates>
        <pagetemplate handle="core_stack" name="Stack" internal="1" package=""/>
        <pagetemplate handle="core_theme_documentation" name="Theme Documentation" internal="1" package=""/>
        <pagetemplate handle="desktop" name="Desktop" internal="1" package=""/>
    </pagetemplates>

    <pages>
        <page name="Waiting for Me" path="/dashboard/welcome/me" filename="" pagetype="" template="desktop"
              description="" package="">
            <area name="Main">
                <blocks>
                    <block type="core_area_layout" name="">
                        <arealayout type="theme-grid" columns="12">
                            <columns>
                                <column span="12" offset="0">
                                    <block type="desktop_waiting_for_me"/>
                                </column>
                            </columns>
                        </arealayout>
                    </block>
                    <block type="core_area_layout" name="">
                        <arealayout type="theme-grid" columns="12">
                            <columns>
                                <column span="12" offset="0">
                                    <block type="desktop_draft_list"/>
                                </column>
                            </columns>
                        </arealayout>
                    </block>
                </blocks>
            </area>
        </page>

    </pages>

</concrete5-cif>
